"","Species","mean_sepal","mean_petal","median_sepal","median_petal","sd_sepal","sd_petal","n"
"1","setosa",5.006,1.462,5,1.5,0.352489687213451,0.173663996480184,50
"2","versicolor",5.936,4.26,5.9,4.35,0.516171147063863,0.469910977239958,50
"3","virginica",6.588,5.552,6.5,5.55,0.635879593274432,0.551894695663983,50
